{
  "auroc_macro": {
    "mean": 0.8323643544110454,
    "ci_low": 0.7962427848652386,
    "ci_high": 0.8764836834670152
  },
  "auprc_macro": {
    "mean": 0.6267469835335314,
    "ci_low": 0.5594326323033394,
    "ci_high": 0.704041077948335
  },
  "auroc_no_finding": {
    "mean": 0.9216153272794102,
    "ci_low": 0.8759917166167166,
    "ci_high": 0.9612794599723946
  },
  "auroc_enlarged_cardiomediastinum": {
    "mean": 0.4423500496116117,
    "ci_low": 0.3594521249537551,
    "ci_high": 0.523832223567393
  },
  "auroc_cardiomegaly": {
    "mean": 0.8116008367340259,
    "ci_low": 0.7424058909171086,
    "ci_high": 0.8757670378488409
  },
  "auroc_lung_opacity": {
    "mean": 0.9431088922942269,
    "ci_low": 0.9113524469880402,
    "ci_high": 0.9697253126485538
  },
  "auroc_lung_lesion": {
    "mean": 0.31933270439921024,
    "ci_low": 0.24875621890547261,
    "ci_high": 0.38652985074626867
  },
  "auroc_edema": {
    "mean": 0.9502223825276676,
    "ci_low": 0.9174313088976551,
    "ci_high": 0.9767883403361345
  },
  "auroc_consolidation": {
    "mean": 0.8651071156347064,
    "ci_low": 0.8069677787282578,
    "ci_high": 0.9133540709320136
  },
  "auroc_pneumonia": {
    "mean": 0.7489272341123582,
    "ci_low": 0.5569691706469821,
    "ci_high": 0.8865860679332181
  },
  "auroc_atelectasis": {
    "mean": 0.8469902979343257,
    "ci_low": 0.7905623823105893,
    "ci_high": 0.8955304364927944
  },
  "auroc_pneumothorax": {
    "mean": 0.9668123056644924,
    "ci_low": 0.93055173992674,
    "ci_high": 0.9950248756218905
  },
  "auroc_pleural_effusion": {
    "mean": 0.9162630301111895,
    "ci_low": 0.8752265869690985,
    "ci_high": 0.9524615457112803
  },
  "auroc_pleural_other": {
    "mean": 0.9855539326524488,
    "ci_low": 0.9651741293532339,
    "ci_high": 1.0
  },
  "auroc_fracture": {
    "mean": null,
    "ci_low": null,
    "ci_high": null
  },
  "auroc_support_devices": {
    "mean": 0.9580122702923526,
    "ci_low": 0.9306168623699654,
    "ci_high": 0.9798060349399635
  }
}