{"train/auroc_enlarged_cardiomediastinum":0.6407110691070557,"val/auroc_macro":0.6601904630661011,"test/auroc_fracture":0,"test/auroc_atelectasis":0.7903411984443665,"_wandb":{"runtime":21064},"val/auroc_support_devices":0.7035545706748962,"train/auroc_edema":0.7914005517959595,"val/ece_mean":0.0478290356695652,"train/supervised_loss":0.17427009344100952,"val/auprc_macro":0.27184489369392395,"test/auroc_pneumonia":0.844716489315033,"train/auroc_cardiomegaly":0.7852286100387573,"test/ece_mean":0.4419415593147278,"test/auroc_pleural_other":0.676616907119751,"test/auroc_lung_opacity":0.8997486233711243,"_timestamp":1.7793862623925626e+09,"train/auroc_pleural_other":0.6941497325897217,"val/auroc_fracture":0.45903605222702026,"train/auroc_pneumonia":0.6302312016487122,"test/auroc_enlarged_cardiomediastinum":0.8670593500137329,"test/f1_macro":0.4017404615879059,"val/auroc_pneumothorax":0.7720075249671936,"train/consistency_loss":0.004658902063965797,"train/auroc_lung_opacity":0.6852695345878601,"val/auroc_pleural_other":0.6419089436531067,"_step":439,"val/loss":0.2960992455482483,"test/auroc_consolidation":0.8902573585510254,"val/auroc_atelectasis":0.5687286853790283,"train/f1_macro":0.3168621361255646,"train/auroc_consolidation":0.7045549750328064,"_runtime":21064,"val/auroc_pneumonia":0.5995981097221375,"train/auroc_pleural_effusion":0.8358407020568848,"test/specificity_macro":0.34748318791389465,"val/auroc_consolidation":0.6792286038398743,"train/auroc_pneumothorax":0.9036992192268372,"val/auroc_pleural_effusion":0.8200713396072388,"epoch":5,"train/auroc_atelectasis":0.5803803205490112,"test/auprc_macro":0.48344606161117554,"val/auroc_lung_lesion":0.594109296798706,"val/auroc_enlarged_cardiomediastinum":0.5656725764274597,"val/auroc_no_finding":0.6484940052032471,"train/auroc_support_devices":0.7316257357597351,"train/ece_mean":0.024601098150014877,"train/auroc_fracture":0.5059054493904114,"test/auroc_cardiomegaly":0.8135026693344116,"train/specificity_macro":0.2520884871482849,"test/auroc_support_devices":0.7344316840171814,"train/loss_step":0.18902499973773956,"trainer/global_step":21495,"val/auroc_edema":0.7612392902374268,"val/f1_macro":0.2988187074661255,"train/auroc_macro":0.6942456364631653,"test/auroc_edema":0.8999999761581421,"test/auroc_macro":0.7397021055221558,"test/auroc_no_finding":0.9078890085220337,"train/auroc_lung_lesion":0.6237161159515381,"train/loss_epoch":0.17892920970916748,"train/auroc_no_finding":0.6067260503768921,"val/specificity_macro":0.24956262111663818,"test/auroc_lung_lesion":0.4427860975265503,"test/auroc_pneumothorax":0.7047618627548218,"val/auroc_cardiomegaly":0.7580562829971313,"test/auroc_pleural_effusion":0.8837182521820068,"val/auroc_lung_opacity":0.670961320400238,"train/auprc_macro":0.2962266504764557}