{"_runtime":2168,"train/loss_step":0.2881801128387451,"epoch":0,"trainer/global_step":1199,"_timestamp":1.779302477532334e+09,"_step":23,"_wandb":{"runtime":2168}}