{"val/auroc_pneumothorax":0.5029643774032593,"val/f1_macro":0.18608561158180237,"epoch":0,"val/auroc_pneumonia":0.3949044644832611,"_step":2,"trainer/global_step":99,"val/ece_mean":0.33254164457321167,"val/auroc_support_devices":0.481254905462265,"val/specificity_macro":0.39943042397499084,"val/auroc_enlarged_cardiomediastinum":0.685161292552948,"val/auroc_edema":0.5005297660827637,"_runtime":64,"val/auroc_lung_lesion":0.5963203310966492,"val/auroc_lung_opacity":0.5128464698791504,"val/auroc_atelectasis":0.5525230169296265,"val/auprc_macro":0.18204864859580994,"val/auroc_consolidation":0.38932496309280396,"val/auroc_macro":0.5287255644798279,"val/auroc_no_finding":0.5572413802146912,"_wandb":{"runtime":64},"val/auroc_pleural_other":0.5681818127632141,"val/auroc_cardiomegaly":0.5372275114059448,"train/loss_step":0.4257930815219879,"_timestamp":1.7792961128501382e+09,"val/auroc_fracture":0.6266233921051025,"val/auroc_pleural_effusion":0.4970536530017853,"val/loss":0.7005023956298828}