{"_step":0,"val/ece_mean":0.5083556771278381,"val/auroc_enlarged_cardiomediastinum":0,"val/auroc_pleural_effusion":0.2916666865348816,"val/auroc_lung_lesion":0.06666666269302368,"epoch":0,"val/specificity_macro":0.6029762029647827,"val/auroc_pneumonia":0,"val/auroc_consolidation":0,"val/auroc_atelectasis":0.6410256028175354,"val/auroc_support_devices":0.5555555820465088,"val/auroc_macro":0.3105551302433014,"val/loss":0.7487916350364685,"val/auroc_edema":1,"val/f1_macro":0.17859503626823425,"_timestamp":1.7793607851312802e+09,"val/auroc_cardiomegaly":0.19999998807907104,"val/auprc_macro":0.2909263074398041,"val/auroc_fracture":0.06666666269302368,"_wandb":{"runtime":74},"_runtime":74,"val/auroc_no_finding":0.6428571343421936,"val/auroc_pleural_other":0.46666663885116577,"trainer/global_step":1,"val/auroc_pneumothorax":0,"val/auroc_lung_opacity":0.4166666865348816}