{"test/auroc_fracture":0,"_timestamp":1.7793638010078495e+09,"val/auroc_edema":0,"_step":2,"test/auroc_pleural_effusion":0.448369562625885,"train/auroc_pneumothorax":0,"val/auprc_macro":0.2439498007297516,"train/f1_macro":0.1349206417798996,"train/auroc_support_devices":0.6666666865348816,"train/auroc_macro":0.3703656494617462,"train/specificity_macro":0.6142007112503052,"test/specificity_macro":0.5360140204429626,"test/auprc_macro":0.24583788216114044,"test/auroc_atelectasis":0.47517064213752747,"test/auroc_no_finding":0.5124562978744507,"val/auroc_pneumonia":0,"val/auroc_pleural_effusion":0.3541666865348816,"val/f1_macro":0.1060924381017685,"test/auroc_consolidation":0.5852941274642944,"val/auroc_pleural_other":0.2666666507720947,"val/specificity_macro":0.5003586411476135,"train/auroc_cardiomegaly":0.625,"test/ece_mean":0.31388288736343384,"test/auroc_lung_opacity":0.5795876979827881,"val/auroc_macro":0.3317122459411621,"test/auroc_macro":0.4777906537055969,"train/consistency_loss":0.007172688841819763,"val/loss":0.8022830486297607,"val/auroc_pneumothorax":0,"_runtime":1346,"val/auroc_enlarged_cardiomediastinum":0,"train/auprc_macro":0.3294699788093567,"val/auroc_lung_opacity":0.44999998807907104,"_wandb":{"runtime":1346},"val/auroc_cardiomegaly":0.46666663885116577,"val/auroc_atelectasis":0.5128204822540283,"train/auroc_enlarged_cardiomediastinum":0.6666666269302368,"train/supervised_loss":0.7378257513046265,"test/auroc_pneumonia":0.7100514769554138,"test/auroc_cardiomegaly":0.5095811486244202,"train/auroc_pleural_other":0,"test/auroc_enlarged_cardiomediastinum":0.546489953994751,"test/f1_macro":0.17203503847122192,"trainer/global_step":2,"test/auroc_pneumothorax":0.514285683631897,"val/auroc_lung_lesion":0.9333333373069763,"train/auroc_fracture":0,"train/auroc_lung_opacity":0.3999999761581421,"train/auroc_atelectasis":0.5714285373687744,"train/auroc_pneumonia":0,"test/auroc_edema":0.43764880299568176,"test/auroc_support_devices":0.5044620633125305,"val/auroc_consolidation":0,"train/loss_epoch":0.7449984550476074,"val/ece_mean":0.5156742930412292,"test/auroc_pleural_other":0.3681591749191284,"train/auroc_no_finding":0,"train/auroc_consolidation":0.8571428060531616,"train/ece_mean":0.4002750515937805,"val/auroc_fracture":0.19999998807907104,"train/auroc_pleural_effusion":0.800000011920929,"train/auroc_edema":0.3125,"val/auroc_no_finding":0.8571429252624512,"train/auroc_lung_lesion":0.2857142686843872,"epoch":1,"test/auroc_lung_lesion":0.49751245975494385,"val/auroc_support_devices":0.6031745672225952}