{"_timestamp":1.779305177842623e+09,"_step":5,"train/loss_step":0.4389394223690033,"_wandb":{"runtime":1770},"_runtime":1770,"epoch":0,"trainer/global_step":299}