{"test/ece_mean":0.2854449450969696,"val/auroc_edema":1,"val/auroc_cardiomegaly":0.6666666269302368,"_timestamp":1.7793616211138663e+09,"trainer/global_step":2,"val/auroc_support_devices":0.317460298538208,"_runtime":181,"train/auroc_lung_opacity":0.1666666567325592,"epoch":1,"test/auroc_atelectasis":0.4041995108127594,"test/auroc_pneumonia":0.6630154252052307,"test/auroc_pleural_effusion":0.5788043737411499,"test/auroc_fracture":0,"val/auroc_pneumonia":0,"val/auroc_no_finding":0.25,"train/auroc_no_finding":0,"val/auroc_enlarged_cardiomediastinum":0,"train/auroc_pleural_effusion":0,"test/specificity_macro":0.4964612126350403,"val/loss":0.620205283164978,"train/auroc_macro":0.10000000149011612,"test/auroc_consolidation":0.49577203392982483,"val/specificity_macro":0.4575592875480652,"train/consistency_loss":0.013129470869898796,"test/auroc_edema":0.4839285910129547,"val/auroc_lung_opacity":0.5666666626930237,"train/ece_mean":0.4788374900817871,"val/auroc_pleural_effusion":0.6458333134651184,"val/auroc_pneumothorax":0,"test/auroc_no_finding":0.33850523829460144,"test/auroc_macro":0.527866542339325,"test/auroc_lung_lesion":0.9601990580558777,"train/specificity_macro":0.4114795923233032,"train/auroc_pneumothorax":0,"val/auprc_macro":0.29677295684814453,"train/auroc_pneumonia":0,"test/auroc_pleural_other":0.8009950518608093,"test/auroc_enlarged_cardiomediastinum":0.5318605303764343,"test/auprc_macro":0.2554825246334076,"test/auroc_pneumothorax":0.6630036234855652,"train/auroc_lung_lesion":0,"train/auroc_pleural_other":0,"val/auroc_pleural_other":0.6666666269302368,"val/ece_mean":0.44714632630348206,"train/auroc_edema":0.2666666805744171,"test/auroc_support_devices":0.5026968717575073,"val/auroc_lung_lesion":0.8666666746139526,"val/auroc_fracture":0.6000000238418579,"test/f1_macro":0.23994597792625427,"val/auroc_atelectasis":0.3589743375778198,"train/f1_macro":0.04444444552063942,"train/auroc_support_devices":0.46666666865348816,"val/auroc_consolidation":0,"train/auroc_consolidation":0.5,"train/auroc_cardiomegaly":0,"train/auroc_fracture":0,"test/auroc_cardiomegaly":0.39249107241630554,"train/auprc_macro":0.15031179785728455,"train/loss_epoch":0.79671311378479,"train/auroc_enlarged_cardiomediastinum":0,"val/f1_macro":0.22615276277065277,"train/auroc_atelectasis":0,"train/supervised_loss":0.7835836410522461,"_wandb":{"runtime":181},"val/auroc_macro":0.4242096245288849,"test/auroc_lung_opacity":0.57466059923172,"_step":2}