{"val/auroc_enlarged_cardiomediastinum":0,"val/auroc_support_devices":0.4444444477558136,"_timestamp":1.779299960466218e+09,"trainer/global_step":1,"val/auroc_lung_opacity":0.28333336114883423,"val/auprc_macro":0.22510887682437897,"val/auroc_macro":0.2887449860572815,"val/f1_macro":0.1633577197790146,"val/auroc_atelectasis":0.8717948794364929,"val/auroc_pneumonia":0,"epoch":0,"_runtime":5,"val/auroc_pleural_other":0.13333332538604736,"val/ece_mean":0.40319177508354187,"val/auroc_pleural_effusion":0.25,"_step":0,"val/auroc_lung_lesion":0.46666663885116577,"val/auroc_consolidation":0,"val/specificity_macro":0.38204365968704224,"val/auroc_edema":0.3333333134651184,"val/auroc_pneumothorax":0,"val/loss":0.6679880619049072,"val/auroc_no_finding":0.3928571343421936,"val/auroc_cardiomegaly":0.46666663885116577,"val/auroc_fracture":0.3999999761581421,"_wandb":{"runtime":5}}