{"val/auroc_lung_opacity":0.46666663885116577,"val/loss":0.6615622043609619,"_step":0,"val/auroc_pleural_other":0.5333333015441895,"val/auroc_no_finding":0.5,"val/auroc_support_devices":0.39682537317276,"val/auroc_pleural_effusion":0.7708333134651184,"val/auroc_atelectasis":0.3589743375778198,"_wandb":{"runtime":75},"val/specificity_macro":0.5419642925262451,"val/auroc_enlarged_cardiomediastinum":0,"val/auroc_macro":0.3114261329174042,"val/auroc_consolidation":0,"epoch":0,"_timestamp":1.7793611018317552e+09,"_runtime":75,"val/auroc_cardiomegaly":0.800000011920929,"val/auroc_fracture":0.2666666507720947,"val/ece_mean":0.4720655381679535,"val/auroc_pneumonia":0,"val/auroc_pneumothorax":0,"val/auprc_macro":0.23990993201732635,"val/auroc_edema":0.13333332538604736,"trainer/global_step":1,"val/auroc_lung_lesion":0.13333332538604736,"val/f1_macro":0.15962867438793182}