{"val/specificity_macro":0.42202383279800415,"val/auroc_atelectasis":0.5384615659713745,"val/auroc_pleural_other":0.46666663885116577,"val/auroc_support_devices":0.7619047164916992,"val/loss":0.7550368905067444,"val/ece_mean":0.4917919635772705,"val/f1_macro":0.15137353539466858,"_timestamp":1.779299171944122e+09,"_step":0,"val/auroc_edema":0.13333332538604736,"_wandb":{"runtime":4},"val/auprc_macro":0.23435929417610168,"val/auroc_lung_lesion":0.13333332538604736,"val/auroc_lung_opacity":0.3166666626930237,"val/auroc_cardiomegaly":0.3999999761581421,"val/auroc_pneumothorax":0,"val/auroc_no_finding":0.6785714626312256,"val/auroc_fracture":0.6000000238418579,"val/auroc_pneumonia":0,"val/auroc_pleural_effusion":0.5208333730697632,"val/auroc_consolidation":0,"trainer/global_step":1,"epoch":0,"val/auroc_enlarged_cardiomediastinum":0,"val/auroc_macro":0.3249836564064026,"_runtime":4}