{"val/auroc_cardiomegaly":0.3999999761581421,"val/auroc_atelectasis":0.43589743971824646,"val/auroc_pneumonia":0,"val/auroc_no_finding":0.464285671710968,"val/auroc_support_devices":0.6984126567840576,"epoch":0,"val/auroc_consolidation":0,"val/auroc_edema":0.6000000238418579,"val/auroc_pleural_effusion":0.25,"val/auroc_pleural_other":0.3999999761581421,"val/auroc_fracture":0,"val/ece_mean":0.5075898766517639,"_runtime":4,"val/auprc_macro":0.21587340533733368,"_step":0,"val/auroc_enlarged_cardiomediastinum":0,"val/loss":0.9570852518081665,"val/f1_macro":0.0446428582072258,"val/auroc_macro":0.3165663182735443,"val/auroc_lung_opacity":0.6499999761581421,"_timestamp":1.77930065073254e+09,"_wandb":{"runtime":4},"val/auroc_pneumothorax":0,"val/auroc_lung_lesion":0.5333333015441895,"val/specificity_macro":0.6830390095710754,"trainer/global_step":1}